DateÂ (GMT),Rate**
Average,60.205504
14-Jan-10,45.5355
15-Jan-10,45.5705
16-Jan-10,45.6205
17-Jan-10,45.8105
18-Jan-10,45.811
19-Jan-10,45.646
20-Jan-10,45.856
21-Jan-10,46.126
22-Jan-10,46.116
23-Jan-10,46.231
24-Jan-10,46.231
25-Jan-10,46.231
26-Jan-10,46.086
27-Jan-10,45.856
28-Jan-10,46.326
29-Jan-10,46.386
30-Jan-10,46.181
31-Jan-10,46.106
01-Feb-10,46.106
02-Feb-10,46.296
03-Feb-10,46.14
04-Feb-10,45.976
05-Feb-10,46.24
06-Feb-10,46.746
07-Feb-10,46.746
08-Feb-10,46.746
09-Feb-10,46.73
10-Feb-10,46.516
11-Feb-10,46.386
12-Feb-10,46.416
13-Feb-10,46.466
14-Feb-10,46.43
15-Feb-10,46.43
16-Feb-10,46.326
17-Feb-10,46.046
18-Feb-10,46.016
19-Feb-10,46.226
20-Feb-10,46.23
21-Feb-10,46.261
22-Feb-10,46.261
23-Feb-10,46.176
24-Feb-10,46.13
25-Feb-10,46.296
26-Feb-10,46.316
27-Feb-10,46.076
28-Feb-10,46.076
01-Mar-10,46.076
02-Mar-10,46.04
03-Mar-10,46.036
04-Mar-10,45.826
05-Mar-10,45.846
06-Mar-10,45.49
07-Mar-10,45.516
08-Mar-10,45.516
09-Mar-10,45.43
10-Mar-10,45.626
11-Mar-10,45.3
12-Mar-10,45.47
13-Mar-10,45.4
14-Mar-10,45.506
15-Mar-10,45.506
16-Mar-10,45.566
17-Mar-10,45.426
18-Mar-10,45.3
19-Mar-10,45.521
20-Mar-10,45.276
21-Mar-10,45.276
22-Mar-10,45.276
23-Mar-10,45.496
24-Mar-10,45.426
25-Mar-10,45.431
26-Mar-10,45.506
27-Mar-10,45.131
28-Mar-10,45.146
29-Mar-10,45.146
30-Mar-10,44.916
31-Mar-10,44.97
01-Apr-10,44.976
02-Apr-10,44.62
03-Apr-10,44.816
04-Apr-10,44.816
05-Apr-10,44.816
06-Apr-10,44.4
07-Apr-10,44.436
08-Apr-10,44.42
09-Apr-10,44.37
10-Apr-10,44.24
11-Apr-10,44.16
12-Apr-10,44.16
13-Apr-10,44.4
14-Apr-10,44.586
15-Apr-10,44.22
16-Apr-10,44.43
17-Apr-10,44.3
18-Apr-10,44.326
19-Apr-10,44.326
20-Apr-10,44.736
21-Apr-10,44.42
22-Apr-10,44.556
23-Apr-10,44.47
24-Apr-10,44.32
25-Apr-10,44.32
26-Apr-10,44.32
27-Apr-10,44.29
28-Apr-10,44.436
29-Apr-10,44.53
30-Apr-10,44.47
01-May-10,44.226
02-May-10,44.226
03-May-10,44.226
04-May-10,44.43
05-May-10,44.57
06-May-10,44.826
07-May-10,45.316
08-May-10,45.426
09-May-10,45.426
10-May-10,45.426
11-May-10,44.771
12-May-10,45.03
13-May-10,44.97
14-May-10,45.03
15-May-10,45.23
16-May-10,45.3
17-May-10,45.226
18-May-10,45.53
19-May-10,45.54
20-May-10,46.281
21-May-10,46.77
22-May-10,46.926
23-May-10,46.926
24-May-10,46.926
25-May-10,46.84
26-May-10,47.516
27-May-10,47.126
28-May-10,46.736
29-May-10,46.33
30-May-10,46.33
31-May-10,46.336
01-Jun-10,46.366
02-Jun-10,47.091
03-Jun-10,46.83
04-Jun-10,46.576
05-Jun-10,46.89
06-Jun-10,46.876
07-Jun-10,46.876
08-Jun-10,47.088
09-Jun-10,46.84
10-Jun-10,46.84
11-Jun-10,46.8
12-Jun-10,46.8
13-Jun-10,46.8
14-Jun-10,46.786
15-Jun-10,46.43
16-Jun-10,46.44
17-Jun-10,46.43
18-Jun-10,46.12
19-Jun-10,46.04
20-Jun-10,45.986
21-Jun-10,45.986
22-Jun-10,45.7
23-Jun-10,46.026
24-Jun-10,46.186
25-Jun-10,46.3
26-Jun-10,46.19
27-Jun-10,46.2
28-Jun-10,46.366
29-Jun-10,46.14
30-Jun-10,46.44
01-Jul-10,46.43
02-Jul-10,46.43
03-Jul-10,46.6
04-Jul-10,46.576
05-Jul-10,46.576
06-Jul-10,46.736
07-Jul-10,46.63
08-Jul-10,46.986
09-Jul-10,46.7
10-Jul-10,46.55
11-Jul-10,46.55
12-Jul-10,46.666
13-Jul-10,46.7
14-Jul-10,46.746
15-Jul-10,46.726
16-Jul-10,46.5
17-Jul-10,46.71
18-Jul-10,46.711
19-Jul-10,46.711
20-Jul-10,46.61
21-Jul-10,47.256
22-Jul-10,47.101
23-Jul-10,47.09
24-Jul-10,46.92
25-Jul-10,46.926
26-Jul-10,46.87
27-Jul-10,47.05
28-Jul-10,46.656
29-Jul-10,46.72
30-Jul-10,46.49
31-Jul-10,46.38
01-Aug-10,46.39
02-Aug-10,46.376
03-Aug-10,46.096
04-Aug-10,46.13
05-Aug-10,46.05
06-Aug-10,46.086
07-Aug-10,46
08-Aug-10,45.966
09-Aug-10,45.966
10-Aug-10,46.086
11-Aug-10,46.34
12-Aug-10,46.63
13-Aug-10,46.73
14-Aug-10,46.63
15-Aug-10,46.63
16-Aug-10,46.636
17-Aug-10,46.691
18-Aug-10,46.616
19-Aug-10,46.546
20-Aug-10,46.366
21-Aug-10,46.616
22-Aug-10,46.616
23-Aug-10,46.616
24-Aug-10,46.571
25-Aug-10,46.866
26-Aug-10,46.881
27-Aug-10,46.796
28-Aug-10,46.811
29-Aug-10,46.811
30-Aug-10,46.811
31-Aug-10,46.881
01-Sep-10,47.036
02-Sep-10,46.69
03-Sep-10,46.656
04-Sep-10,46.49
05-Sep-10,46.586
06-Sep-10,46.586
07-Sep-10,46.521
08-Sep-10,46.7
09-Sep-10,46.526
10-Sep-10,46.311
11-Sep-10,46.27
12-Sep-10,46.291
13-Sep-10,46.291
14-Sep-10,46.29
15-Sep-10,46.17
16-Sep-10,46.25
17-Sep-10,46.13
18-Sep-10,45.86
19-Sep-10,45.886
20-Sep-10,45.886
21-Sep-10,45.658
22-Sep-10,45.6
23-Sep-10,45.5
24-Sep-10,45.561
25-Sep-10,45.248
26-Sep-10,45.12
27-Sep-10,45.248
28-Sep-10,44.961
29-Sep-10,45.07
30-Sep-10,44.82
01-Oct-10,44.571
02-Oct-10,44.421
03-Oct-10,44.4
04-Oct-10,44.421
05-Oct-10,44.556
06-Oct-10,44.466
07-Oct-10,44.266
08-Oct-10,44.23
09-Oct-10,44.13
10-Oct-10,44.416
11-Oct-10,44.416
12-Oct-10,44.4
13-Oct-10,44.576
14-Oct-10,44.4
15-Oct-10,44.076
16-Oct-10,44.166
17-Oct-10,44.166
18-Oct-10,44.166
19-Oct-10,44.281
20-Oct-10,44.326
21-Oct-10,44.23
22-Oct-10,44.28
23-Oct-10,44.536
24-Oct-10,44.43
25-Oct-10,44.536
26-Oct-10,44.3
27-Oct-10,44.42
28-Oct-10,44.43
29-Oct-10,44.32
30-Oct-10,44.456
31-Oct-10,44.36
01-Nov-10,44.456
02-Nov-10,44.476
03-Nov-10,44.296
04-Nov-10,44.401
05-Nov-10,44.021
06-Nov-10,43.926
07-Nov-10,43.93
08-Nov-10,43.93
09-Nov-10,44.366
10-Nov-10,44.261
11-Nov-10,44.28
12-Nov-10,44.27
13-Nov-10,44.786
14-Nov-10,44.786
15-Nov-10,44.786
16-Nov-10,45.126
17-Nov-10,45.22
18-Nov-10,45.126
19-Nov-10,45.161
20-Nov-10,45.271
21-Nov-10,45.3
22-Nov-10,45.3
23-Nov-10,45.486
24-Nov-10,45.576
25-Nov-10,45.52
26-Nov-10,45.566
27-Nov-10,45.73
28-Nov-10,45.73
29-Nov-10,45.73
30-Nov-10,45.836
01-Dec-10,45.851
02-Dec-10,45.15
03-Dec-10,45.141
04-Dec-10,44.92
05-Dec-10,44.921
06-Dec-10,44.921
07-Dec-10,44.83
08-Dec-10,44.708
09-Dec-10,45.03
10-Dec-10,45.156
11-Dec-10,45.11
12-Dec-10,45
13-Dec-10,45
14-Dec-10,44.92
15-Dec-10,44.931
16-Dec-10,45.388
17-Dec-10,45.55
18-Dec-10,45.176
19-Dec-10,45.176
20-Dec-10,45.176
21-Dec-10,45.41
22-Dec-10,45.186
23-Dec-10,45.061
24-Dec-10,45.081
25-Dec-10,45.03
26-Dec-10,45.03
27-Dec-10,45.03
28-Dec-10,45.286
29-Dec-10,45.021
30-Dec-10,44.981
31-Dec-10,44.831
01-Jan-11,44.58
02-Jan-11,44.58
03-Jan-11,44.826
04-Jan-11,44.616
05-Jan-11,44.931
06-Jan-11,45.23
07-Jan-11,45.176
08-Jan-11,45.2
09-Jan-11,45.2
10-Jan-11,45.366
11-Jan-11,45.381
12-Jan-11,45.106
13-Jan-11,45.036
14-Jan-11,45.046
15-Jan-11,45.416
16-Jan-11,45.3
17-Jan-11,45.426
18-Jan-11,45.456
19-Jan-11,45.346
20-Jan-11,45.366
21-Jan-11,45.806
22-Jan-11,45.581
23-Jan-11,45.596
24-Jan-11,45.596
25-Jan-11,45.531
26-Jan-11,45.711
27-Jan-11,45.481
28-Jan-11,45.696
29-Jan-11,45.846
30-Jan-11,45.846
31-Jan-11,45.846
01-Feb-11,45.841
02-Feb-11,45.586
03-Feb-11,45.551
04-Feb-11,45.676
05-Feb-11,45.566
06-Feb-11,45.616
07-Feb-11,45.616
08-Feb-11,45.361
09-Feb-11,45.2
10-Feb-11,45.376
11-Feb-11,45.66
12-Feb-11,45.616
13-Feb-11,45.6
14-Feb-11,45.6
15-Feb-11,45.451
16-Feb-11,45.436
17-Feb-11,45.416
18-Feb-11,45.23
19-Feb-11,45.1
20-Feb-11,45.116
21-Feb-11,45.116
22-Feb-11,44.926
23-Feb-11,45.176
24-Feb-11,45.1
25-Feb-11,45.426
26-Feb-11,45.28
27-Feb-11,45.28
28-Feb-11,45.3
01-Mar-11,45.2
02-Mar-11,44.846
03-Mar-11,44.8
04-Mar-11,44.9
05-Mar-11,44.906
06-Mar-11,44.85
07-Mar-11,44.911
08-Mar-11,44.976
09-Mar-11,44.93
10-Mar-11,44.9
11-Mar-11,45.176
14-Mar-11,45.246
15-Mar-11,45.001
16-Mar-11,45.156
17-Mar-11,45.026
18-Mar-11,45.076
19-Mar-11,45
20-Mar-11,45
21-Mar-11,45
22-Mar-11,44.996
23-Mar-11,44.9
24-Mar-11,44.811
25-Mar-11,44.63
26-Mar-11,44.63
27-Mar-11,44.63
28-Mar-11,44.63
29-Mar-11,44.74
30-Mar-11,44.7
31-Mar-11,44.63
01-Apr-11,44.4
02-Apr-11,44.43
03-Apr-11,44.43
04-Apr-11,44.456
05-Apr-11,44.34
06-Apr-11,44.316
07-Apr-11,44.08
08-Apr-11,44.13
09-Apr-11,44.071
10-Apr-11,43.96
11-Apr-11,43.96
12-Apr-11,44.28
13-Apr-11,44.196
14-Apr-11,44.45
15-Apr-11,44.416
16-Apr-11,44.3
17-Apr-11,44.3
18-Apr-11,44.281
19-Apr-11,44.38
20-Apr-11,44.42
21-Apr-11,44.28
22-Apr-11,44.28
23-Apr-11,44.28
24-Apr-11,44.28
25-Apr-11,44.276
26-Apr-11,44.43
27-Apr-11,44.526
28-Apr-11,44.4
29-Apr-11,44.33
30-Apr-11,44.18
01-May-11,44.256
02-May-11,44.256
03-May-11,44.25
04-May-11,44.43
05-May-11,44.34
06-May-11,44.73
07-May-11,44.63
08-May-11,44.731
09-May-11,44.731
10-May-11,44.63
11-May-11,44.63
12-May-11,44.62
13-May-11,44.73
14-May-11,44.83
15-May-11,44.83
16-May-11,44.866
17-May-11,44.98
18-May-11,45.03
19-May-11,45.066
20-May-11,44.9
21-May-11,44.88
22-May-11,45.001
23-May-11,45.001
24-May-11,45.2
25-May-11,45.18
26-May-11,45.3
27-May-11,45.22
28-May-11,45.181
29-May-11,45.181
30-May-11,45.181
31-May-11,45.091
01-Jun-11,45.051
02-Jun-11,44.79
03-Jun-11,44.78
04-Jun-11,44.83
05-Jun-11,44.78
06-Jun-11,44.831
07-Jun-11,44.7
08-Jun-11,44.681
09-Jun-11,44.731
10-Jun-11,44.63
11-Jun-11,44.73
12-Jun-11,44.731
13-Jun-11,44.731
14-Jun-11,44.83
15-Jun-11,44.747
16-Jun-11,44.801
17-Jun-11,44.806
18-Jun-11,44.8
19-Jun-11,44.771
20-Jun-11,44.771
21-Jun-11,44.9
22-Jun-11,44.8
23-Jun-11,44.76
24-Jun-11,44.9
25-Jun-11,44.93
26-Jun-11,44.996
27-Jun-11,44.996
28-Jun-11,44.951
29-Jun-11,45.011
30-Jun-11,44.79
01-Jul-11,44.6
02-Jul-11,44.49
03-Jul-11,44.631
04-Jul-11,44.631
05-Jul-11,44.43
06-Jul-11,44.36
07-Jul-11,44.36
08-Jul-11,44.331
09-Jul-11,44.34
10-Jul-11,44.33
11-Jul-11,44.421
12-Jul-11,44.4
13-Jul-11,44.6
14-Jul-11,44.5
15-Jul-11,44.511
16-Jul-11,44.5
17-Jul-11,44.516
18-Jul-11,44.516
19-Jul-11,44.611
20-Jul-11,44.491
21-Jul-11,44.451
22-Jul-11,44.33
23-Jul-11,44.34
24-Jul-11,44.36
25-Jul-11,44.351
26-Jul-11,44.34
27-Jul-11,44.1
28-Jul-11,44.05
29-Jul-11,44.041
30-Jul-11,44.09
31-Jul-11,44.211
01-Aug-11,44.211
02-Aug-11,44.071
03-Aug-11,44.271
04-Aug-11,44.321
05-Aug-11,44.571
06-Aug-11,44.741
07-Aug-11,44.741
08-Aug-11,44.741
09-Aug-11,45.011
10-Aug-11,45.211
11-Aug-11,45.256
12-Aug-11,45.301
13-Aug-11,45.401
14-Aug-11,45.401
15-Aug-11,45.401
16-Aug-11,45.241
17-Aug-11,45.14
18-Aug-11,45.311
19-Aug-11,45.59
20-Aug-11,45.63
21-Aug-11,45.671
22-Aug-11,45.671
23-Aug-11,45.64
24-Aug-11,45.981
25-Aug-11,45.92
26-Aug-11,45.95
27-Aug-11,46.13
28-Aug-11,46.161
29-Aug-11,46.161
31-Aug-11,45.97
02-Sep-11,45.67
03-Sep-11,43.22
04-Sep-11,45.746
05-Sep-11,45.746
07-Sep-11,46.07
08-Sep-11,46.09
09-Sep-11,46.16
10-Sep-11,46.651
11-Sep-11,46.53
12-Sep-11,46.651
13-Sep-11,47.19
14-Sep-11,47.49
15-Sep-11,47.591
17-Sep-11,47.281
18-Sep-11,47.2
19-Sep-11,47.2
20-Sep-11,47.731
21-Sep-11,47.94
22-Sep-11,48.25
23-Sep-11,49.481
24-Sep-11,49.351
25-Sep-11,49.351
26-Sep-11,49.351
27-Sep-11,49.43
28-Sep-11,48.926
01-Oct-11,49.09
04-Oct-11,49.1
05-Oct-11,49.26
06-Oct-11,49.246
07-Oct-11,49.171
08-Oct-11,48.9
10-Oct-11,48.901
11-Oct-11,48.821
12-Oct-11,49.18
13-Oct-11,48.9
15-Oct-11,48.9
16-Oct-11,48.901
17-Oct-11,48.901
18-Oct-11,48.93
19-Oct-11,49.27
20-Oct-11,49.03
21-Oct-11,49.88
22-Oct-11,49.71
23-Oct-11,49.831
24-Oct-11,49.831
25-Oct-11,49.731
26-Oct-11,49.43
28-Oct-11,49.82
29-Oct-11,48.63
30-Oct-11,48.63
31-Oct-11,48.636
01-Nov-11,48.681
02-Nov-11,49.266
03-Nov-11,49.111
04-Nov-11,49.046
05-Nov-11,49
06-Nov-11,49.001
07-Nov-11,49.001
08-Nov-11,48.951
09-Nov-11,49.33
10-Nov-11,50.13
11-Nov-11,49.99
12-Nov-11,50.041
13-Nov-11,49.81
14-Nov-11,50.041
15-Nov-11,50.356
16-Nov-11,50.601
17-Nov-11,50.671
18-Nov-11,50.956
19-Nov-11,51.236
20-Nov-11,51.236
21-Nov-11,51.236
22-Nov-11,52.066
23-Nov-11,52.491
24-Nov-11,52.266
25-Nov-11,52.071
26-Nov-11,52.236
27-Nov-11,52.236
28-Nov-11,52.236
29-Nov-11,52.041
30-Nov-11,51.911
01-Dec-11,51.75
02-Dec-11,51.27
03-Dec-11,51.16
05-Dec-11,51.111
06-Dec-11,51.35
08-Dec-11,51.63
09-Dec-11,51.72
10-Dec-11,51.89
11-Dec-11,51.876
12-Dec-11,51.876
13-Dec-11,52.73
14-Dec-11,53.101
16-Dec-11,53.561
17-Dec-11,52.501
18-Dec-11,52.53
19-Dec-11,52.501
20-Dec-11,52.701
21-Dec-11,52.7
22-Dec-11,52.401
23-Dec-11,52.53
24-Dec-11,52.791
25-Dec-11,52.791
26-Dec-11,52.791
28-Dec-11,52.941
29-Dec-11,52.891
30-Dec-11,53.006
31-Dec-11,52.9
01-Jan-12,53.016
02-Jan-12,53.016
03-Jan-12,53.306
04-Jan-12,53.09
05-Jan-12,52.89
06-Jan-12,52.896
07-Jan-12,52.64
08-Jan-12,52.681
09-Jan-12,52.681
10-Jan-12,52.401
11-Jan-12,51.601
12-Jan-12,51.82
13-Jan-12,51.49
14-Jan-12,51.44
15-Jan-12,51.441
16-Jan-12,51.441
18-Jan-12,50.701
19-Jan-12,50.411
20-Jan-12,50.311
21-Jan-12,50.24
22-Jan-12,50.231
23-Jan-12,50.231
24-Jan-12,49.92
25-Jan-12,50.031
26-Jan-12,50.03
27-Jan-12,49.431
28-Jan-12,49.23
29-Jan-12,49.396
30-Jan-12,49.396
31-Jan-12,49.63
01-Feb-12,49.53
02-Feb-12,49.101
03-Feb-12,49.046
04-Feb-12,48.58
05-Feb-12,48.661
06-Feb-12,48.661
07-Feb-12,49.061
08-Feb-12,49.236
09-Feb-12,49.236
10-Feb-12,49.27
11-Feb-12,49.44
12-Feb-12,49.361
13-Feb-12,49.361
15-Feb-12,49.406
16-Feb-12,49.376
18-Feb-12,49.356
19-Feb-12,49.326
20-Feb-12,49.326
21-Feb-12,49.156
23-Feb-12,49.13
24-Feb-12,49.13
25-Feb-12,48.996
26-Feb-12,49.016
27-Feb-12,49.016
28-Feb-12,49.136
29-Feb-12,49.021
01-Mar-12,49.001
02-Mar-12,49.146
03-Mar-12,49.561
04-Mar-12,49.526
05-Mar-12,49.526
06-Mar-12,49.74
07-Mar-12,50.34
08-Mar-12,50.281
09-Mar-12,49.93
10-Mar-12,49.69
11-Mar-12,49.761
12-Mar-12,49.761
13-Mar-12,49.946
14-Mar-12,49.856
15-Mar-12,49.956
16-Mar-12,50.21
17-Mar-12,50.06
18-Mar-12,50.141
19-Mar-12,50.141
20-Mar-12,50.1
21-Mar-12,50.33
22-Mar-12,50.616
23-Mar-12,51.16
24-Mar-12,51.14
25-Mar-12,51.176
26-Mar-12,51.176
27-Mar-12,50.94
29-Mar-12,50.77
30-Mar-12,51.396
31-Mar-12,50.846
01-Apr-12,50.876
02-Apr-12,50.876
03-Apr-12,50.71
04-Apr-12,50.551
05-Apr-12,51.051
08-Apr-12,51.041
09-Apr-12,51.041
12-Apr-12,51.44
13-Apr-12,51.226
14-Apr-12,51.546
15-Apr-12,51.551
16-Apr-12,51.551
18-Apr-12,51.396
19-Apr-12,51.836
20-Apr-12,52.086
26-Apr-12,52.5
27-Apr-12,52.5
28-Apr-12,52.44
29-Apr-12,52.546
30-Apr-12,52.546
04-May-12,53.4
05-May-12,53.381
06-May-12,53.476
07-May-12,53.476
08-May-12,52.896
09-May-12,53.126
11-May-12,53.25
13-May-12,53.636
14-May-12,53.636
16-May-12,53.96
18-May-12,54.381
19-May-12,54.41
20-May-12,54.426
21-May-12,54.426
22-May-12,55
23-May-12,55.3
25-May-12,55.6
26-May-12,55.366
27-May-12,55.376
28-May-12,55.376
30-May-12,55.621
31-May-12,56.2
01-Jun-12,56.1
02-Jun-12,55.43
03-Jun-12,55.546
04-Jun-12,55.546
05-Jun-12,55.656
08-Jun-12,54.896
09-Jun-12,55.381
10-Jun-12,55.426
11-Jun-12,55.426
12-Jun-12,55.65
14-Jun-12,55.57
16-Jun-12,55.41
17-Jun-12,55.396
18-Jun-12,55.396
19-Jun-12,55.866
20-Jun-12,55.841
21-Jun-12,56.151
22-Jun-12,56.3
23-Jun-12,57.076
24-Jun-12,57.126
25-Jun-12,57.126
26-Jun-12,56.966
27-Jun-12,56.9
28-Jun-12,56.891
29-Jun-12,56.826
30-Jun-12,55.511
01-Jul-12,55.511
02-Jul-12,55.511
03-Jul-12,55.4
04-Jul-12,54.221
05-Jul-12,54.486
06-Jul-12,54.966
07-Jul-12,55.486
08-Jul-12,55.411
09-Jul-12,55.411
10-Jul-12,55.851
11-Jul-12,55.396
12-Jul-12,55.531
13-Jul-12,55.841
14-Jul-12,54.91
15-Jul-12,55.146
16-Jul-12,55.146
17-Jul-12,55.056
18-Jul-12,55.25
19-Jul-12,55.25
20-Jul-12,55.176
21-Jul-12,55.281
22-Jul-12,55.326
23-Jul-12,55.326
24-Jul-12,55.931
25-Jul-12,56.236
26-Jul-12,56.026
27-Jul-12,55.606
28-Jul-12,55.271
29-Jul-12,55.256
30-Jul-12,55.256
31-Jul-12,55.466
01-Aug-12,55.561
02-Aug-12,55.5
03-Aug-12,55.846
04-Aug-12,55.756
05-Aug-12,55.756
06-Aug-12,55.756
07-Aug-12,55.526
08-Aug-12,55.071
09-Aug-12,55.1
10-Aug-12,55.181
11-Aug-12,55.2
12-Aug-12,55.286
13-Aug-12,55.286
14-Aug-12,55.346
15-Aug-12,55.611
16-Aug-12,55.531
17-Aug-12,55.626
18-Aug-12,55.631
19-Aug-12,55.736
20-Aug-12,55.736
21-Aug-12,55.506
22-Aug-12,55.466
23-Aug-12,55.501
24-Aug-12,55.266
25-Aug-12,55.416
26-Aug-12,55.506
27-Aug-12,55.506
28-Aug-12,55.696
29-Aug-12,55.666
30-Aug-12,55.706
31-Aug-12,55.636
01-Sep-12,55.526
02-Sep-12,55.526
03-Sep-12,55.526
04-Sep-12,55.536
05-Sep-12,55.616
06-Sep-12,55.911
07-Sep-12,55.666
08-Sep-12,55.276
09-Sep-12,55.366
10-Sep-12,55.366
11-Sep-12,55.446
12-Sep-12,55.256
13-Sep-12,55.216
14-Sep-12,55.346
15-Sep-12,54.306
16-Sep-12,54.306
17-Sep-12,54.306
18-Sep-12,53.886
19-Sep-12,53.906
20-Sep-12,54.026
21-Sep-12,54.266
22-Sep-12,53.366
23-Sep-12,53.366
24-Sep-12,53.366
25-Sep-12,53.441
26-Sep-12,53.366
27-Sep-12,53.55
28-Sep-12,52.941
29-Sep-12,52.851
30-Sep-12,52.856
01-Oct-12,52.856
02-Oct-12,52.311
03-Oct-12,52.411
04-Oct-12,52.261
05-Oct-12,51.746
06-Oct-12,51.906
07-Oct-12,51.916
08-Oct-12,51.916
09-Oct-12,52.546
10-Oct-12,52.746
11-Oct-12,53.006
12-Oct-12,52.666
13-Oct-12,52.936
14-Oct-12,52.811
15-Oct-12,52.811
16-Oct-12,53.036
17-Oct-12,52.866
18-Oct-12,52.866
19-Oct-12,53.516
20-Oct-12,53.846
21-Oct-12,53.846
22-Oct-12,53.846
23-Oct-12,53.551
24-Oct-12,53.726
25-Oct-12,53.75
26-Oct-12,53.556
27-Oct-12,53.6
28-Oct-12,53.556
29-Oct-12,53.556
30-Oct-12,54.086
31-Oct-12,53.966
01-Nov-12,53.806
02-Nov-12,53.77
03-Nov-12,53.816
04-Nov-12,53.816
05-Nov-12,53.816
06-Nov-12,54.606
07-Nov-12,54.426
08-Nov-12,54.42
09-Nov-12,54.326
10-Nov-12,54.636
11-Nov-12,54.596
12-Nov-12,54.596
13-Nov-12,55.016
14-Nov-12,54.826
15-Nov-12,54.886
16-Nov-12,54.81
17-Nov-12,55.166
18-Nov-12,55.166
19-Nov-12,55.166
20-Nov-12,54.976
21-Nov-12,55.106
22-Nov-12,55.13
23-Nov-12,55.126
24-Nov-12,55.451
25-Nov-12,55.451
26-Nov-12,55.451
27-Nov-12,55.6435
28-Nov-12,55.3555
29-Nov-12,55.7105
30-Nov-12,54.7205
01-Dec-12,54.33
02-Dec-12,54.2655
03-Dec-12,54.2655
04-Dec-12,54.6655
05-Dec-12,54.7455
06-Dec-12,54.5055
07-Dec-12,54.15
08-Dec-12,54.3555
09-Dec-12,54.3455
10-Dec-12,54.3455
11-Dec-12,54.4155
12-Dec-12,54.335
13-Dec-12,54.2055
14-Dec-12,54.3755
15-Dec-12,54.5055
16-Dec-12,54.4455
17-Dec-12,54.4455
18-Dec-12,54.7055
19-Dec-12,54.9355
20-Dec-12,54.7
21-Dec-12,54.9255
22-Dec-12,55.215
23-Dec-12,55.0655
24-Dec-12,55.0655
25-Dec-12,54.9555
26-Dec-12,55.0155
27-Dec-12,54.75
28-Dec-12,54.9455
29-Dec-12,54.7605
30-Dec-12,54.7605
31-Dec-12,54.7605
01-Jan-13,54.86
02-Jan-13,54.6855
03-Jan-13,54.15
04-Jan-13,54.5
05-Jan-13,54.9405
06-Jan-13,54.9405
07-Jan-13,54.93
08-Jan-13,55.16
09-Jan-13,55.025
10-Jan-13,54.7955
11-Jan-13,54.5055
12-Jan-13,54.8255
13-Jan-13,54.8755
14-Jan-13,54.8755
15-Jan-13,54.5155
16-Jan-13,54.5955
17-Jan-13,54.6655
18-Jan-13,54.3555
19-Jan-13,53.855
20-Jan-13,53.7455
21-Jan-13,53.7455
22-Jan-13,53.7755
23-Jan-13,53.7255
24-Jan-13,53.6655
25-Jan-13,53.7105
26-Jan-13,53.8005
27-Jan-13,53.8005
28-Jan-13,53.8005
29-Jan-13,54.0555
30-Jan-13,53.6555
31-Jan-13,53.2155
01-Feb-13,53.3355
02-Feb-13,53.07
03-Feb-13,53.1705
04-Feb-13,53.1705
05-Feb-13,53.2255
06-Feb-13,53.0355
07-Feb-13,53.0955
08-Feb-13,53.3
09-Feb-13,53.5955
10-Feb-13,53.5955
11-Feb-13,53.5955
12-Feb-13,53.885
13-Feb-13,53.7755
14-Feb-13,53.8155
15-Feb-13,53.9655
16-Feb-13,54.3055
17-Feb-13,54.3255
18-Feb-13,54.3255
19-Feb-13,54.2655
20-Feb-13,54.2555
21-Feb-13,54.2255
22-Feb-13,54.55
23-Feb-13,54.3005
24-Feb-13,54.2805
25-Feb-13,54.2805
26-Feb-13,53.9505
27-Feb-13,54.1505
28-Feb-13,53.7355
01-Mar-13,54.42
02-Mar-13,54.925
03-Mar-13,54.9055
04-Mar-13,54.9055
05-Mar-13,54.9
06-Mar-13,54.8605
07-Mar-13,54.8405
08-Mar-13,54.4705
09-Mar-13,54.3205
10-Mar-13,54.3505
11-Mar-13,54.3505
12-Mar-13,54.3555
13-Mar-13,54.1155
14-Mar-13,54.4405
15-Mar-13,54.2055
16-Mar-13,54.0305
17-Mar-13,54.0305
18-Mar-13,54.0305
19-Mar-13,54.0705
20-Mar-13,54.4605
21-Mar-13,54.3955
22-Mar-13,54.3905
23-Mar-13,54.3905
24-Mar-13,54.3505
25-Mar-13,54.3505
26-Mar-13,54.345
27-Mar-13,54.4855
28-Mar-13,54.4355
29-Mar-13,54.2855
30-Mar-13,54.2855
31-Mar-13,54.2855
01-Apr-13,54.2855
02-Apr-13,54.34
03-Apr-13,54.4305
04-Apr-13,54.5205
05-Apr-13,54.8905
06-Apr-13,54.6955
07-Apr-13,54.8105
08-Apr-13,54.8105
09-Apr-13,54.5605
10-Apr-13,54.4805
11-Apr-13,54.4605
12-Apr-13,54.2605
13-Apr-13,54.5455
14-Apr-13,54.5205
15-Apr-13,54.5205
16-Apr-13,54.4805
17-Apr-13,53.9805
18-Apr-13,54.1905
19-Apr-13,53.9705
20-Apr-13,53.9605
21-Apr-13,53.9405
22-Apr-13,53.9405
23-Apr-13,54.2005
24-Apr-13,54.3005
25-Apr-13,54.2705
26-Apr-13,54.1755
27-Apr-13,54.35
28-Apr-13,54.3805
29-Apr-13,54.3805
30-Apr-13,54.2055
01-May-13,53.6855
02-May-13,53.6955
03-May-13,53.8455
04-May-13,53.8105
05-May-13,53.8105
06-May-13,53.8105
07-May-13,54.1555
08-May-13,54.0555
09-May-13,54.0955
10-May-13,54.3655
11-May-13,54.8755
12-May-13,54.8105
13-May-13,54.8105
14-May-13,54.8455
15-May-13,54.7555
16-May-13,54.7855
17-May-13,54.7355
18-May-13,54.8855
19-May-13,54.8955
20-May-13,54.8955
21-May-13,55.0405
22-May-13,55.4355
23-May-13,55.6605
24-May-13,55.7155
25-May-13,55.8205
26-May-13,55.8205
27-May-13,55.8205
28-May-13,55.573
29-May-13,56.1355
30-May-13,56.2855
31-May-13,56.3855
01-Jun-13,56.5805
02-Jun-13,56.56
03-Jun-13,56.5805
04-Jun-13,56.6755
05-Jun-13,56.5555
06-Jun-13,56.8555
07-Jun-13,56.9305
08-Jun-13,57.0655
09-Jun-13,57.0655
10-Jun-13,57.0655
11-Jun-13,58.22
12-Jun-13,58.3405
13-Jun-13,57.8355
14-Jun-13,58.0055
15-Jun-13,57.6255
16-Jun-13,57.5055
17-Jun-13,57.5055
18-Jun-13,57.9705
19-Jun-13,58.8455
20-Jun-13,58.7205
21-Jun-13,59.5755
22-Jun-13,59.2755
23-Jun-13,59.2755
24-Jun-13,59.2755
25-Jun-13,59.8155
26-Jun-13,59.6655
27-Jun-13,60.7205
28-Jun-13,60.1955
29-Jun-13,59.5335
30-Jun-13,59.5335
01-Jul-13,59.5335
02-Jul-13,59.4
03-Jul-13,59.5555
04-Jul-13,60.225
05-Jul-13,60.0205
06-Jul-13,60.985
07-Jul-13,60.2305
08-Jul-13,60.2305
09-Jul-13,60.6955
10-Jul-13,60.1025
11-Jul-13,59.7
12-Jul-13,59.8
13-Jul-13,59.8915
14-Jul-13,59.8915
15-Jul-13,59.8915
16-Jul-13,59.621
17-Jul-13,58.97
18-Jul-13,59.3205
19-Jul-13,59.6955
20-Jul-13,59.395
21-Jul-13,59.3405
22-Jul-13,59.3405
23-Jul-13,59.7255
24-Jul-13,59.4
25-Jul-13,59.345
26-Jul-13,59.035
27-Jul-13,59.0905
28-Jul-13,59.0455
29-Jul-13,59.0455
30-Jul-13,59.275
31-Jul-13,60.895
01-Aug-13,60.97
02-Aug-13,60.6055
03-Aug-13,61.1105
04-Aug-13,61.1055
05-Aug-13,61.1055
06-Aug-13,60.8605
07-Aug-13,60.7905
08-Aug-13,61.2405
09-Aug-13,60.7315
10-Aug-13,60.6795
11-Aug-13,60.6795
12-Aug-13,60.6795
13-Aug-13,61.245
14-Aug-13,61.435
15-Aug-13,61.295
16-Aug-13,61.365
17-Aug-13,62.555
18-Aug-13,61.6655
19-Aug-13,61.6655
20-Aug-13,63.855
21-Aug-13,63.2855
22-Aug-13,64.735
23-Aug-13,64.22
24-Aug-13,64.22
25-Aug-13,63.2055
26-Aug-13,63.2055
27-Aug-13,64.2
28-Aug-13,67.015
29-Aug-13,67.355
30-Aug-13,67.415
31-Aug-13,66.685
02-Sep-13,65.7055
03-Sep-13,66.515
04-Sep-13,68.45
05-Sep-13,66.285
06-Sep-13,66.255
07-Sep-13,65.2455
08-Sep-13,65.2455
09-Sep-13,65.2455
10-Sep-13,64.105
11-Sep-13,63.63
12-Sep-13,63.385
13-Sep-13,63.545
14-Sep-13,63.275
15-Sep-13,63.3805
16-Sep-13,63.3805
17-Sep-13,62.955
18-Sep-13,63.065
19-Sep-13,63.585
20-Sep-13,62.345
21-Sep-13,62.725
22-Sep-13,62.2355
23-Sep-13,62.2355
24-Sep-13,62.625
25-Sep-13,62.7
26-Sep-13,62.22
27-Sep-13,61.805
28-Sep-13,63.075
29-Sep-13,62.5155
30-Sep-13,62.5155
01-Oct-13,62.59
02-Oct-13,62.595
03-Oct-13,62.075
04-Oct-13,61.965
05-Oct-13,61.385
06-Oct-13,61.4355
07-Oct-13,61.4355
08-Oct-13,61.6
09-Oct-13,61.95
10-Oct-13,61.9
11-Oct-13,61.245
12-Oct-13,60.9905
13-Oct-13,61.0205
14-Oct-13,61.0205
15-Oct-13,61.435
16-Oct-13,61.82
17-Oct-13,61.455
18-Oct-13,61.105
19-Oct-13,61.245
20-Oct-13,61.2405
21-Oct-13,61.2405
22-Oct-13,60.62
23-Oct-13,61.195
24-Oct-13,61.5405
25-Oct-13,61.4405
26-Oct-13,61.4305
27-Oct-13,61.4655
28-Oct-13,61.4655
29-Oct-13,61.5505
30-Oct-13,61.4705
31-Oct-13,61.1105
01-Nov-13,61.69
02-Nov-13,62.295
03-Nov-13,61.7505
04-Nov-13,61.7505
05-Nov-13,62.055
06-Nov-13,62.175
07-Nov-13,62.4805
08-Nov-13,62.765
09-Nov-13,63.47
10-Nov-13,62.4805
11-Nov-13,62.4805
12-Nov-13,63.46
13-Nov-13,63.91
14-Nov-13,63.3005
15-Nov-13,63.1205
16-Nov-13,62.82
17-Nov-13,62.9805
18-Nov-13,62.9805
19-Nov-13,62.12
20-Nov-13,62.2
21-Nov-13,62.29
22-Nov-13,62.9505
23-Nov-13,62.615
24-Nov-13,62.7335
25-Nov-13,62.7335
26-Nov-13,62.375
27-Nov-13,62.47
28-Nov-13,62.48
29-Nov-13,62.33
30-Nov-13,62.42
01-Dec-13,62.3995
02-Dec-13,62.3995
03-Dec-13,62.295
04-Dec-13,62.41
05-Dec-13,61.82
06-Dec-13,61.56
07-Dec-13,61.13
08-Dec-13,61.4355
09-Dec-13,61.4355
10-Dec-13,60.85
11-Dec-13,61.0605
12-Dec-13,61.4205
13-Dec-13,62.16
14-Dec-13,62.1755
15-Dec-13,62.1955
16-Dec-13,62.1955
17-Dec-13,61.79
18-Dec-13,61.76
19-Dec-13,62.0305
20-Dec-13,62.355
21-Dec-13,62.0105
22-Dec-13,62.0005
23-Dec-13,62.0005
24-Dec-13,61.72
25-Dec-13,61.8
26-Dec-13,61.8
27-Dec-13,61.94
28-Dec-13,61.9405
29-Dec-13,61.9405
30-Dec-13,61.9405
31-Dec-13,61.8
01-Jan-14,61.845
02-Jan-14,61.86
03-Jan-14,62.3
04-Jan-14,62.33
05-Jan-14,62.1905
06-Jan-14,62.1905
07-Jan-14,62.245
08-Jan-14,62.18
09-Jan-14,62.075
10-Jan-14,62.075
11-Jan-14,61.485
12-Jan-14,61.9075
13-Jan-14,61.9075
14-Jan-14,61.42
15-Jan-14,61.46
16-Jan-14,61.545
17-Jan-14,61.41
18-Jan-14,61.6
19-Jan-14,61.5455
20-Jan-14,61.5455
21-Jan-14,61.54
22-Jan-14,61.975
23-Jan-14,61.835
24-Jan-14,62.065
25-Jan-14,62.76
26-Jan-14,62.6955
27-Jan-14,62.6955
28-Jan-14,63.375
29-Jan-14,62.755
30-Jan-14,62.88
31-Jan-14,62.62
01-Feb-14,62.69
02-Feb-14,62.6855
03-Feb-14,62.6855
04-Feb-14,62.66
05-Feb-14,62.32
06-Feb-14,62.5
07-Feb-14,62.14
08-Feb-14,62.11
09-Feb-14,62.3055
10-Feb-14,62.3055
11-Feb-14,62.35
12-Feb-14,62.14
13-Feb-14,61.85
14-Feb-14,62.21
15-Feb-14,61.855
16-Feb-14,61.8555
17-Feb-14,61.8555
18-Feb-14,61.78
19-Feb-14,62.17
20-Feb-14,62.21
21-Feb-14,62.2255
22-Feb-14,62.005
23-Feb-14,62.1405
24-Feb-14,62.1405
25-Feb-14,61.925
26-Feb-14,61.82
27-Feb-14,62.155
28-Feb-14,61.97
01-Mar-14,61.84
02-Mar-14,61.7955
03-Mar-14,61.7955
04-Mar-14,62.2
05-Mar-14,61.94
06-Mar-14,61.44
07-Mar-14,60.86
08-Mar-14,61.23
09-Mar-14,61.0855
10-Mar-14,61.0855
11-Mar-14,61.03
12-Mar-14,61.06
13-Mar-14,61
14-Mar-14,61.35
15-Mar-14,61.26
16-Mar-14,61.2055
17-Mar-14,61.2055
18-Mar-14,61.05
19-Mar-14,60.97
20-Mar-14,60.96
21-Mar-14,61.12
22-Mar-14,60.84
23-Mar-14,60.9005
24-Mar-14,60.9005
25-Mar-14,60.675
26-Mar-14,60.27
27-Mar-14,60
28-Mar-14,60.17
29-Mar-14,59.89
30-Mar-14,59.8905
31-Mar-14,59.8905
01-Apr-14,59.945
02-Apr-14,59.835
03-Apr-14,59.83
04-Apr-14,60.33
05-Apr-14,59.89
06-Apr-14,60.0855
07-Apr-14,60.0855
08-Apr-14,60.175
09-Apr-14,60.09
10-Apr-14,60.11
11-Apr-14,60.34
12-Apr-14,60.225
13-Apr-14,60.205
14-Apr-14,60.1805
15-Apr-14,60.27
16-Apr-14,60.42
17-Apr-14,60.275
18-Apr-14,60.305
19-Apr-14,60.285
20-Apr-14,60.2955
21-Apr-14,60.2955
22-Apr-14,60.5
23-Apr-14,60.86
24-Apr-14,61.145
25-Apr-14,61.12
26-Apr-14,60.65
27-Apr-14,60.6455
28-Apr-14,60.6455
29-Apr-14,60.685
30-Apr-14,60.18
01-May-14,60.285
02-May-14,60.2705
03-May-14,60
04-May-14,60.085
05-May-14,60.1855
06-May-14,60.12
07-May-14,59.87
08-May-14,59.905
09-May-14,59.93
10-May-14,59.85
11-May-14,59.9655
12-May-14,59.9655
13-May-14,59.57
14-May-14,59.46
15-May-14,59.445
16-May-14,59.49
17-May-14,58.6
18-May-14,58.585
19-May-14,58.5855
20-May-14,58.475
21-May-14,58.64
22-May-14,58.66
23-May-14,58.35
24-May-14,58.415
25-May-14,58.5255
26-May-14,58.5255
27-May-14,58.66
28-May-14,58.96
29-May-14,58.94
30-May-14,58.94
31-May-14,59.31
01-Jun-14,59.1955
02-Jun-14,59.1955
03-Jun-14,59.21
04-Jun-14,59.31
05-Jun-14,59.275
06-Jun-14,59.1
07-Jun-14,58.96
08-Jun-14,59.1755
09-Jun-14,59.1755
10-Jun-14,59.23
11-Jun-14,59.26
12-Jun-14,59.33
13-Jun-14,59.29
14-Jun-14,59.75
15-Jun-14,59.7105
16-Jun-14,59.7105
17-Jun-14,60.14
18-Jun-14,60.335
19-Jun-14,60.19
20-Jun-14,60.21
21-Jun-14,60.22
22-Jun-14,60.1755
23-Jun-14,60.1755
24-Jun-14,60.08
25-Jun-14,60.175
26-Jun-14,60.02
27-Jun-14,60.16
28-Jun-14,60.03
29-Jun-14,60.0455
30-Jun-14,60.0455
01-Jul-14,60.055
02-Jul-14,59.94
03-Jul-14,59.61
04-Jul-14,59.62
05-Jul-14,59.785
06-Jul-14,59.7255
07-Jul-14,59.7255
08-Jul-14,59.975
09-Jul-14,59.735
10-Jul-14,59.755
11-Jul-14,60.075
12-Jul-14,60.0955
13-Jul-14,60.0955
14-Jul-14,60.0955
15-Jul-14,60.06
16-Jul-14,60.175
17-Jul-14,60.125
18-Jul-14,60.4
19-Jul-14,60.33
20-Jul-14,60.2855
21-Jul-14,60.2855
22-Jul-14,60.29
23-Jul-14,60.135
24-Jul-14,59.99
25-Jul-14,60.06
26-Jul-14,60.055
27-Jul-14,60.0605
28-Jul-14,60.0605
29-Jul-14,60.08
30-Jul-14,60.215
31-Jul-14,60.475
01-Aug-14,60.81
02-Aug-14,60.975
03-Aug-14,61.2155
04-Aug-14,61.2155
05-Aug-14,60.96
06-Aug-14,61.08
07-Aug-14,61.325
08-Aug-14,61.455
09-Aug-14,61.1
10-Aug-14,61.1455
11-Aug-14,61.1455
12-Aug-14,61.16
13-Aug-14,61.315
14-Aug-14,61.08
15-Aug-14,60.87
16-Aug-14,60.97
17-Aug-14,60.7805
18-Aug-14,60.7805
19-Aug-14,60.795
20-Aug-14,60.76
21-Aug-14,60.59
22-Aug-14,60.525
23-Aug-14,60.4
25-Aug-14,60.4705
26-Aug-14,60.525
27-Aug-14,60.515
28-Aug-14,60.35
29-Aug-14,60.65
30-Aug-14,60.61
31-Aug-14,60.5205
01-Sep-14,60.5205
02-Sep-14,60.49
03-Sep-14,60.59
04-Sep-14,60.43
05-Sep-14,60.49
06-Sep-14,60.255
08-Sep-14,60.3955
09-Sep-14,60.385
10-Sep-14,60.815
11-Sep-14,60.82
12-Sep-14,60.825
13-Sep-14,60.655
14-Sep-14,60.655
15-Sep-14,61.045
16-Sep-14,61.06
17-Sep-14,61.06
18-Sep-14,60.83
19-Sep-14,60.755
20-Sep-14,60.88
21-Sep-14,60.8605
22-Sep-14,60.8605
23-Sep-14,61.02
24-Sep-14,61.06
26-Sep-14,61.485
27-Sep-14,61.43
28-Sep-14,61.1455
29-Sep-14,61.1455
30-Sep-14,61.62
01-Oct-14,61.94
02-Oct-14,61.83
03-Oct-14,61.545
04-Oct-14,61.545
05-Oct-14,61.545
06-Oct-14,61.545
07-Oct-14,61.285
08-Oct-14,61.285
09-Oct-14,61.45
10-Oct-14,61.1
11-Oct-14,61.13
12-Oct-14,61.2855
13-Oct-14,61.2855
14-Oct-14,60.99
15-Oct-14,61.39
16-Oct-14,61.4
17-Oct-14,61.65
18-Oct-14,61.255
19-Oct-14,61.3655
20-Oct-14,61.3655
21-Oct-14,61.23
22-Oct-14,61.125
23-Oct-14,61.22
24-Oct-14,61.18
25-Oct-14,61.085
26-Oct-14,61.1705
27-Oct-14,61.1705
28-Oct-14,61.325
29-Oct-14,61.19
30-Oct-14,61.22
31-Oct-14,61.365
01-Nov-14,61.39
02-Nov-14,61.4055
03-Nov-14,61.4055
04-Nov-14,61.4
05-Nov-14,61.365
06-Nov-14,61.45
07-Nov-14,61.45
08-Nov-14,61.43
09-Nov-14,61.5205
10-Nov-14,61.5205
11-Nov-14,61.59
12-Nov-14,61.5155
13-Nov-14,61.4
14-Nov-14,61.55
15-Nov-14,61.7
16-Nov-14,61.7155
17-Nov-14,61.7155
18-Nov-14,61.79
19-Nov-14,61.725
20-Nov-14,62
21-Nov-14,61.94
22-Nov-14,61.63
23-Nov-14,61.7675
24-Nov-14,61.7675
25-Nov-14,61.865
26-Nov-14,61.87
27-Nov-14,61.765
28-Nov-14,61.8
29-Nov-14,62.22
30-Nov-14,62.2105
01-Dec-14,62.2105
02-Dec-14,61.975
03-Dec-14,61.8105
04-Dec-14,61.9
05-Dec-14,61.825
06-Dec-14,61.95
07-Dec-14,61.9185
08-Dec-14,61.9185
09-Dec-14,61.82
10-Dec-14,62.01
11-Dec-14,62.1155
12-Dec-14,62.52
13-Dec-14,62.62
14-Dec-14,62.5255
15-Dec-14,62.5255
16-Dec-14,63.325
17-Dec-14,64.015
18-Dec-14,63.41
19-Dec-14,62.99
20-Dec-14,63.39
21-Dec-14,63.29
22-Dec-14,63.29
23-Dec-14,63.13
24-Dec-14,63.43
25-Dec-14,63.45
26-Dec-14,63.475
27-Dec-14,63.69
28-Dec-14,63.615
29-Dec-14,63.615
30-Dec-14,63.68
31-Dec-14,63.285
04-Jan-15,63.2855
05-Jan-15,63.2855
06-Jan-15,63.43
07-Jan-15,63.34
08-Jan-15,63.29
09-Jan-15,62.49
10-Jan-15,62.16
11-Jan-15,62.3555
12-Jan-15,62.3555
13-Jan-15,62.08
14-Jan-15,62
15-Jan-15,62.13
16-Jan-15,61.865
17-Jan-15,61.61
18-Jan-15,61.8705
19-Jan-15,61.8705
20-Jan-15,61.64
21-Jan-15,61.705
22-Jan-15,61.56
23-Jan-15,61.36
24-Jan-15,61.43
25-Jan-15,61.4405
26-Jan-15,61.4405
27-Jan-15,61.465
28-Jan-15,61.4
29-Jan-15,61.32
30-Jan-15,61.9515
31-Jan-15,62.16
01-Feb-15,62.0205
02-Feb-15,62.0205
03-Feb-15,61.705
04-Feb-15,61.6275
05-Feb-15,61.7505
06-Feb-15,61.6875
07-Feb-15,61.9875
08-Feb-15,61.9705
09-Feb-15,61.9705
10-Feb-15,62.1175
11-Feb-15,62.3265
12-Feb-15,62.495
13-Feb-15,62.0705
14-Feb-15,62.0415
15-Feb-15,62.075
16-Feb-15,62.0765
17-Feb-15,62.1465
18-Feb-15,62.1525
19-Feb-15,62.2335
20-Feb-15,62.0905
21-Feb-15,62.2505
22-Feb-15,62.1085
23-Feb-15,62.1085
24-Feb-15,62.1655
25-Feb-15,62
26-Feb-15,61.8585
27-Feb-15,61.7525
28-Feb-15,61.68
01-Mar-15,61.6585
02-Mar-15,61.6585
03-Mar-15,61.8865
04-Mar-15,61.7805
05-Mar-15,62.2995
06-Mar-15,62.2655
07-Mar-15,62.81
08-Mar-15,62.4605
09-Mar-15,62.4605
10-Mar-15,62.705
11-Mar-15,62.87
12-Mar-15,62.86
13-Mar-15,62.555
14-Mar-15,63.0735
15-Mar-15,63.0835
16-Mar-15,63.0835
17-Mar-15,62.7935
18-Mar-15,62.73
19-Mar-15,62.665
20-Mar-15,62.48
21-Mar-15,62.225
22-Mar-15,62.4105
23-Mar-15,62.4105
24-Mar-15,62.16
25-Mar-15,62.3565
26-Mar-15,62.3835
27-Mar-15,62.855
28-Mar-15,62.5005
29-Mar-15,62.5225
30-Mar-15,62.5225
31-Mar-15,62.5005
01-Apr-15,62.32
02-Apr-15,62.1515
03-Apr-15,62.1525
04-Apr-15,61.99
05-Apr-15,62.0675
06-Apr-15,62.0675
07-Apr-15,62.18
08-Apr-15,62.255
09-Apr-15,62.25
10-Apr-15,62.2575
11-Apr-15,62.2205
12-Apr-15,62.2765
13-Apr-15,62.2765
14-Apr-15,62.43
15-Apr-15,62.2925
16-Apr-15,62.3155
17-Apr-15,62.2975
18-Apr-15,62.4865
19-Apr-15,62.5505
20-Apr-15,62.5505
21-Apr-15,63.16
22-Apr-15,62.88
23-Apr-15,62.9145
24-Apr-15,63.2325
25-Apr-15,63.735
26-Apr-15,63.6625
27-Apr-15,63.6625
28-Apr-15,63.315
29-Apr-15,63.0495
30-Apr-15,63.45
01-May-15,63.5545
02-May-15,63.715
03-May-15,63.5305
04-May-15,63.5305
05-May-15,63.6065
06-May-15,63.3315
07-May-15,63.67
08-May-15,64.1125
09-May-15,63.7
10-May-15,63.7115
11-May-15,63.7115
12-May-15,63.9025
13-May-15,64.2125
14-May-15,63.9545
15-May-15,63.34
16-May-15,63.3515
17-May-15,63.4405
18-May-15,63.4405
19-May-15,63.6075
20-May-15,63.7765
21-May-15,63.665
22-May-15,63.5275
23-May-15,63.4795
24-May-15,63.4905
25-May-15,63.4905
26-May-15,63.4965
27-May-15,63.8875
28-May-15,63.9165
29-May-15,63.7485
30-May-15,63.7095
31-May-15,63.7435
01-Jun-15,63.7435
02-Jun-15,63.6145
03-Jun-15,63.6685
04-Jun-15,64.0465
05-Jun-15,63.9905
06-Jun-15,64.105
07-Jun-15,63.7695
08-Jun-15,63.7695
09-Jun-15,63.9595
10-Jun-15,64.0305
11-Jun-15,63.7915
12-Jun-15,64.0035
13-Jun-15,64.0275
14-Jun-15,64.0995
15-Jun-15,64.0995
16-Jun-15,64.0435
17-Jun-15,64.2165
18-Jun-15,64.1325
19-Jun-15,63.6025
20-Jun-15,63.4555
21-Jun-15,63.4995
22-Jun-15,63.4995
23-Jun-15,63.4805
24-Jun-15,63.5805
25-Jun-15,63.5105
26-Jun-15,63.5055
27-Jun-15,63.5985
28-Jun-15,63.4515
29-Jun-15,63.4515
30-Jun-15,63.67
01-Jul-15,63.64
02-Jul-15,63.5985
03-Jul-15,63.3615
04-Jul-15,63.4345
05-Jul-15,63.485
06-Jul-15,63.4115
07-Jul-15,63.2585
08-Jul-15,63.55
09-Jul-15,63.495
10-Jul-15,63.3115
11-Jul-15,63.3295
12-Jul-15,63.3595
13-Jul-15,63.3595
14-Jul-15,63.4345
15-Jul-15,63.3365
16-Jul-15,63.4905
17-Jul-15,63.4495
18-Jul-15,63.4725
19-Jul-15,63.485
20-Jul-15,63.485
21-Jul-15,63.5815
22-Jul-15,63.5695
23-Jul-15,63.6575
24-Jul-15,63.8295
25-Jul-15,64.0595
26-Jul-15,64.1075
27-Jul-15,64.1075
28-Jul-15,64.2125
29-Jul-15,63.7885
30-Jul-15,63.8
31-Jul-15,64.1395
01-Aug-15,63.9405
02-Aug-15,63.9875
03-Aug-15,63.9875
04-Aug-15,64.1025
05-Aug-15,63.7915
06-Aug-15,63.7105
07-Aug-15,63.7025
08-Aug-15,63.7455
09-Aug-15,63.7385
10-Aug-15,63.7385
11-Aug-15,63.7545
12-Aug-15,64.43
13-Aug-15,65.07
14-Aug-15,65.2645
15-Aug-15,65.0715
16-Aug-15,65.1295
17-Aug-15,65.1295
18-Aug-15,65.4055
19-Aug-15,65.4725
20-Aug-15,65.2085
21-Aug-15,65.49
22-Aug-15,66.21
23-Aug-15,66.0335
24-Aug-15,66.0335
25-Aug-15,66.93
26-Aug-15,66.0895
27-Aug-15,66.1275
28-Aug-15,66.0095
29-Aug-15,66.1905
30-Aug-15,66.1505
31-Aug-15,66.1505
01-Sep-15,66.3475
02-Sep-15,66.3575
03-Sep-15,66.1625
04-Sep-15,66.1075
05-Sep-15,66.6625
06-Sep-15,66.6855
07-Sep-15,66.6855
08-Sep-15,66.9065
09-Sep-15,66.4705
10-Sep-15,66.4765
11-Sep-15,66.3775
12-Sep-15,66.34
13-Sep-15,66.2415
14-Sep-15,66.2415
15-Sep-15,66.3105
16-Sep-15,66.3885
17-Sep-15,66.185
18-Sep-15,66.1035
19-Sep-15,65.7265
20-Sep-15,65.8685
21-Sep-15,65.8685
22-Sep-15,65.6895
23-Sep-15,65.8795
24-Sep-15,66.21
25-Sep-15,66.1915
26-Sep-15,66.1315
27-Sep-15,66.1705
28-Sep-15,66.1705
29-Sep-15,66.3
30-Sep-15,65.8665
01-Oct-15,65.5205
02-Oct-15,65.5905
03-Oct-15,65.25
04-Oct-15,65.3645
05-Oct-15,65.3645
06-Oct-15,65.1325
07-Oct-15,65.2
08-Oct-15,64.8875
09-Oct-15,64.8985
10-Oct-15,64.7415
11-Oct-15,64.7795
12-Oct-15,64.7795
13-Oct-15,64.7475
14-Oct-15,65.1185
15-Oct-15,64.8835
16-Oct-15,64.7685
17-Oct-15,64.77
18-Oct-15,64.7025
19-Oct-15,64.7025
20-Oct-15,64.9215
21-Oct-15,64.9775
22-Oct-15,65.18
23-Oct-15,64.89
24-Oct-15,65.04
25-Oct-15,64.8925
26-Oct-15,64.8925
27-Oct-15,64.7935
28-Oct-15,65.08
29-Oct-15,64.8865
30-Oct-15,65.45
31-Oct-15,65.4065
01-Nov-15,65.4225
02-Nov-15,65.4225
03-Nov-15,65.5925
04-Nov-15,65.5835
05-Nov-15,65.5
06-Nov-15,65.9
07-Nov-15,66.11
08-Nov-15,66.1405
09-Nov-15,66.1405
10-Nov-15,66.45
11-Nov-15,66.22
12-Nov-15,66.13
13-Nov-15,66.15
14-Nov-15,66.1225
15-Nov-15,66.0585
16-Nov-15,66.0585
17-Nov-15,66.0215
18-Nov-15,65.9645
19-Nov-15,66.1445
20-Nov-15,66.0635
21-Nov-15,66.12
22-Nov-15,66.0575
23-Nov-15,66.0575
24-Nov-15,66.3825
25-Nov-15,66.3265
26-Nov-15,66.3355
27-Nov-15,66.66
28-Nov-15,66.8875
29-Nov-15,66.9075
30-Nov-15,66.9075
01-Dec-15,66.4375
02-Dec-15,66.4695
03-Dec-15,66.5425
04-Dec-15,66.8315
05-Dec-15,66.6655
06-Dec-15,66.6435
07-Dec-15,66.6435
08-Dec-15,66.7655
09-Dec-15,66.85
10-Dec-15,66.8365
11-Dec-15,66.6955
12-Dec-15,67.1135
13-Dec-15,67.1485
14-Dec-15,67.1485
15-Dec-15,67.0975
16-Dec-15,66.8045
17-Dec-15,66.5815
18-Dec-15,66.3135
19-Dec-15,66.2385
20-Dec-15,66.2555
21-Dec-15,66.2555
22-Dec-15,66.2025
23-Dec-15,66.2035
24-Dec-15,66.0715
25-Dec-15,66.0115
26-Dec-15,66.1
27-Dec-15,65.9475
28-Dec-15,65.9475
29-Dec-15,66.1015
30-Dec-15,66.2865
31-Dec-15,66.4455
01-Jan-16,66.2015
02-Jan-16,66.2005
03-Jan-16,66.2005
04-Jan-16,66.2005
05-Jan-16,66.5665
06-Jan-16,66.5005
07-Jan-16,66.7205
08-Jan-16,66.61
09-Jan-16,66.93
10-Jan-16,66.8475
11-Jan-16,66.8475
12-Jan-16,66.7855
13-Jan-16,66.8645
14-Jan-16,66.7485
15-Jan-16,67.3835
16-Jan-16,67.77
17-Jan-16,67.7745
18-Jan-16,67.7745
19-Jan-16,67.6665
20-Jan-16,67.6935
21-Jan-16,68.0605
22-Jan-16,67.9255
23-Jan-16,67.5615
24-Jan-16,67.5485
25-Jan-16,67.5485
26-Jan-16,67.7235
27-Jan-16,67.7845
28-Jan-16,67.9885
29-Jan-16,68.0955
30-Jan-16,67.9
31-Jan-16,67.8775
01-Feb-16,67.8775
02-Feb-16,67.93
03-Feb-16,67.9405
04-Feb-16,67.9315
05-Feb-16,67.5685
06-Feb-16,67.7885
07-Feb-16,67.8095
08-Feb-16,67.8095
09-Feb-16,67.9995
10-Feb-16,67.8875
11-Feb-16,67.89
12-Feb-16,68.4415
13-Feb-16,68.1345
14-Feb-16,68.1185
15-Feb-16,68.1185
16-Feb-16,68.1505
17-Feb-16,68.4785
18-Feb-16,68.3245
19-Feb-16,68.5455
20-Feb-16,68.76
21-Feb-16,68.5455
22-Feb-16,68.5455
23-Feb-16,68.5395
24-Feb-16,68.5655
25-Feb-16,68.5435
26-Feb-16,68.8475
27-Feb-16,68.8305
28-Feb-16,68.7375
29-Feb-16,68.7375
01-Mar-16,68.2285
02-Mar-16,67.7565
03-Mar-16,67.375
04-Mar-16,67.1465
05-Mar-16,66.89
06-Mar-16,66.9375
07-Mar-16,66.9375
08-Mar-16,66.9765
09-Mar-16,67.3195
10-Mar-16,67.0845
11-Mar-16,67.1985
12-Mar-16,66.9595
13-Mar-16,66.9205
14-Mar-16,66.9205
15-Mar-16,67.1355
16-Mar-16,67.3595
17-Mar-16,67.2395
18-Mar-16,66.47
19-Mar-16,66.3475
20-Mar-16,66.3835
21-Mar-16,66.3835
22-Mar-16,66.5305
23-Mar-16,66.6095
24-Mar-16,66.9
25-Mar-16,66.8395
26-Mar-16,66.87
27-Mar-16,66.9145
28-Mar-16,66.9145
29-Mar-16,66.59
30-Mar-16,66.32
31-Mar-16,66.22
01-Apr-16,66.17
02-Apr-16,66.32
03-Apr-16,66.3655
04-Apr-16,66.3655
05-Apr-16,66.0555
06-Apr-16,66.4245
07-Apr-16,66.5705
08-Apr-16,66.7245
09-Apr-16,66.5255
10-Apr-16,66.5515
11-Apr-16,66.5515
12-Apr-16,66.3185
13-Apr-16,66.3045
14-Apr-16,66.5075
15-Apr-16,66.6725
16-Apr-16,66.4935
17-Apr-16,66.6605
18-Apr-16,66.6605
19-Apr-16,66.4645
20-Apr-16,66.1615
21-Apr-16,66.1225
22-Apr-16,66.4575
23-Apr-16,66.6655
24-Apr-16,66.6605
25-Apr-16,66.6605
26-Apr-16,66.6815
27-Apr-16,66.4035
28-Apr-16,66.5115
29-Apr-16,66.4345
30-Apr-16,66.4285
01-May-16,66.4255
02-May-16,66.4255
03-May-16,66.3595
04-May-16,66.4765
05-May-16,66.6395
06-May-16,66.5535
07-May-16,66.5765
08-May-16,66.6015
09-May-16,66.6015
10-May-16,66.7115
11-May-16,66.6175
12-May-16,66.5335
13-May-16,66.74
14-May-16,66.98
15-May-16,66.925
16-May-16,66.925
17-May-16,66.8165
18-May-16,66.8545
19-May-16,67.0215
20-May-16,67.4815
21-May-16,67.42
22-May-16,67.4305
23-May-16,67.4305
24-May-16,67.4585
25-May-16,67.7105
26-May-16,67.2455
27-May-16,66.9405
28-May-16,66.9755
29-May-16,67.0315
30-May-16,67.0315
31-May-16,67.1195
01-Jun-16,67.1465
02-Jun-16,67.4575
03-Jun-16,67.2565
04-Jun-16,66.925
05-Jun-16,66.9995
06-Jun-16,66.9995
07-Jun-16,66.8125
08-Jun-16,66.72
09-Jun-16,66.5065
10-Jun-16,66.7205
11-Jun-16,66.9235
12-Jun-16,66.9525
13-Jun-16,66.9525
14-Jun-16,67.1985
15-Jun-16,67.37
16-Jun-16,67.1
17-Jun-16,67.3135
18-Jun-16,67.0925
19-Jun-16,67.0735
20-Jun-16,67.0735
21-Jun-16,67.56
22-Jun-16,67.6975
23-Jun-16,67.4975
24-Jun-16,67.2915
25-Jun-16,67.8345
26-Jun-16,67.8845
27-Jun-16,67.8845
28-Jun-16,67.9235
29-Jun-16,67.7755
30-Jun-16,67.4385
01-Jul-16,67.5075
02-Jul-16,67.1905
03-Jul-16,67.1895
04-Jul-16,67.1895
05-Jul-16,67.2715
06-Jul-16,67.4155
07-Jul-16,67.4335
08-Jul-16,67.4915
09-Jul-16,67.16
10-Jul-16,67.1395
11-Jul-16,67.1395
12-Jul-16,67.1605
13-Jul-16,66.99
14-Jul-16,67.0135
15-Jul-16,66.8365
16-Jul-16,67.0975
17-Jul-16,67.1405
18-Jul-16,67.1405
19-Jul-16,67.1455
20-Jul-16,67.1845
21-Jul-16,67.1735
22-Jul-16,67.1615
23-Jul-16,67.18
24-Jul-16,67.1535
25-Jul-16,67.1535
26-Jul-16,67.4205
27-Jul-16,67.3605
28-Jul-16,67.1445
29-Jul-16,66.9935
30-Jul-16,66.7655
31-Jul-16,66.6555
01-Aug-16,66.6555
02-Aug-16,66.7145
03-Aug-16,66.6695
04-Aug-16,66.8035
05-Aug-16,66.843
06-Aug-16,66.846
07-Aug-16,66.8425
08-Aug-16,66.8425
09-Aug-16,66.8295
10-Aug-16,66.7795
11-Aug-16,66.7635
12-Aug-16,66.7655
13-Aug-16,66.9065
14-Aug-16,66.9085
15-Aug-16,66.9085
16-Aug-16,66.8677
17-Aug-16,66.8674
18-Aug-16,66.9751
19-Aug-16,66.8525
20-Aug-16,67.1419
21-Aug-16,67.135
22-Aug-16,67.1375
23-Aug-16,67.1947
24-Aug-16,67.0671
25-Aug-16,67.0195
26-Aug-16,67.034
27-Aug-16,67.0915
28-Aug-16,67.1365
29-Aug-16,67.1365
30-Aug-16,67.11
31-Aug-16,67.1555
01-Sep-16,66.9401
02-Sep-16,66.615
03-Sep-16,66.595
04-Sep-16,66.7955
05-Sep-16,66.5828
06-Sep-16,66.465
07-Sep-16,66.263
08-Sep-16,66.4194
09-Sep-16,66.6483
10-Sep-16,66.895
11-Sep-16,66.7855
12-Sep-16,66.7974
13-Sep-16,67.0398
14-Sep-16,67.084
15-Sep-16,66.8365
16-Sep-16,66.8642
17-Sep-16,67.105
18-Sep-16,67.0755
19-Sep-16,67.0753
20-Sep-16,66.9791
21-Sep-16,67.0047
22-Sep-16,66.9994
23-Sep-16,66.6154
24-Sep-16,66.6699
25-Sep-16,66.7065
26-Sep-16,66.7065
27-Sep-16,66.6013
28-Sep-16,66.4274
29-Sep-16,66.4738
30-Sep-16,66.8442
01-Oct-16,66.6213
02-Oct-16,66.5555
03-Oct-16,66.5565
04-Oct-16,66.5174
05-Oct-16,66.59
06-Oct-16,66.55
07-Oct-16,66.69
08-Oct-16,66.6458
09-Oct-16,66.6012
10-Oct-16,66.4769
11-Oct-16,66.8397
12-Oct-16,66.8238
13-Oct-16,66.7685
14-Oct-16,66.6585
15-Oct-16,66.7175
16-Oct-16,66.7153
17-Oct-16,66.7925
18-Oct-16,66.7118
19-Oct-16,66.6321
20-Oct-16,66.845
21-Oct-16,66.9405
22-Oct-16,66.9212
23-Oct-16,66.9212
24-Oct-16,66.8942
25-Oct-16,66.8123
26-Oct-16,66.8358
27-Oct-16,66.864
28-Oct-16,66.7987
29-Oct-16,66.7785
30-Oct-16,66.7914
31-Oct-16,66.715
01-Nov-16,66.7275
02-Nov-16,66.7205
03-Nov-16,66.6876
04-Nov-16,66.75
05-Nov-16,66.7955
06-Nov-16,66.7953
07-Nov-16,66.74
08-Nov-16,66.3725
09-Nov-16,66.4925
10-Nov-16,67.055
11-Nov-16,67.725
12-Nov-16,67.5655
13-Nov-16,67.5655
14-Nov-16,67.94
15-Nov-16,67.81
16-Nov-16,68.085
17-Nov-16,67.9365
18-Nov-16,68.13
19-Nov-16,68.1905
20-Nov-16,68.1753
21-Nov-16,68.2275
22-Nov-16,68.4125
23-Nov-16,68.8805
24-Nov-16,68.7665
25-Nov-16,68.5803
26-Nov-16,68.5185
27-Nov-16,68.5185
28-Nov-16,68.5755
29-Nov-16,68.6355
30-Nov-16,68.5655
01-Dec-16,68.3453
02-Dec-16,68.0505
03-Dec-16,68.0305
04-Dec-16,68.0228
05-Dec-16,68.0865
06-Dec-16,67.70345
07-Dec-16,67.5105
08-Dec-16,67.425
09-Dec-16,67.5127
10-Dec-16,67.4705
11-Dec-16,67.4778
12-Dec-16,67.4001
13-Dec-16,67.5
14-Dec-16,67.4643
15-Dec-16,67.9052
16-Dec-16,67.8285
17-Dec-16,67.845
18-Dec-16,67.845
19-Dec-16,67.8356
20-Dec-16,68.0055
21-Dec-16,67.8069
22-Dec-16,67.8655
23-Dec-16,67.85
24-Dec-16,67.8408
25-Dec-16,67.8408
26-Dec-16,67.77
27-Dec-16,67.9947
28-Dec-16,68.21005
29-Dec-16,67.915
30-Dec-16,67.9055
31-Dec-16,67.9548
01-Jan-17,67.9548
02-Jan-17,68.1434
03-Jan-17,68.3637
04-Jan-17,67.9055
05-Jan-17,67.76
06-Jan-17,68.1114
07-Jan-17,68.1155
08-Jan-17,68.1403
09-Jan-17,68.09005
10-Jan-17,68.26575
11-Jan-17,68.2795
12-Jan-17,67.9855
13-Jan-17,68.1716
14-Jan-17,68.1805
15-Jan-17,68.1678
16-Jan-17,68.091
17-Jan-17,67.9164
18-Jan-17,68.1178
19-Jan-17,68.0944
20-Jan-17,68.045
21-Jan-17,68.0828
22-Jan-17,68.0755
23-Jan-17,68.1
24-Jan-17,68.13
25-Jan-17,68.0415
26-Jan-17,68.18
27-Jan-17,68.07005
28-Jan-17,68.105
29-Jan-17,68.105
30-Jan-17,67.8088
31-Jan-17,67.4856
01-Feb-17,67.4599
02-Feb-17,67.2091
03-Feb-17,67.1365
04-Feb-17,67.1845
05-Feb-17,67.1673
06-Feb-17,67.2035
07-Feb-17,67.35
08-Feb-17,67.0485
09-Feb-17,66.744
10-Feb-17,66.8285
11-Feb-17,66.8535
12-Feb-17,66.8524
13-Feb-17,66.9965
14-Feb-17,66.8841
15-Feb-17,66.845
16-Feb-17,67.135
17-Feb-17,67.1
18-Feb-17,67.0805
19-Feb-17,67.0752
20-Feb-17,66.9087
21-Feb-17,67.0235
22-Feb-17,66.9833
23-Feb-17,66.68855
24-Feb-17,66.6983
25-Feb-17,66.645
26-Feb-17,66.645
27-Feb-17,66.7
28-Feb-17,66.683
01-Mar-17,66.775
02-Mar-17,66.8017
03-Mar-17,66.7888
04-Mar-17,66.7805
05-Mar-17,66.7805
06-Mar-17,66.644
07-Mar-17,66.62725
08-Mar-17,66.76725
09-Mar-17,66.6551
10-Mar-17,66.625
11-Mar-17,66.5555
12-Mar-17,66.495
13-Mar-17,66.1742
14-Mar-17,65.7945
15-Mar-17,65.565
16-Mar-17,65.42365
17-Mar-17,65.4287
18-Mar-17,65.4755
19-Mar-17,65.4781
20-Mar-17,65.32165
21-Mar-17,65.415
22-Mar-17,65.415
23-Mar-17,65.454
24-Mar-17,65.4035
25-Mar-17,65.4031
26-Mar-17,65.4031
27-Mar-17,65.0575
28-Mar-17,65.0459
29-Mar-17,64.8749
30-Mar-17,64.785
31-Mar-17,64.8599
02-Apr-17,64.8067
03-Apr-17,65.0267
04-Apr-17,65.0388
05-Apr-17,65.0351
06-Apr-17,64.5883
07-Apr-17,64.2619
08-Apr-17,64.2705
09-Apr-17,64.2705
10-Apr-17,64.57
11-Apr-17,64.69
12-Apr-17,64.73
13-Apr-17,64.5
14-Apr-17,64.485
15-Apr-17,64.4455
16-Apr-17,64.4637
17-Apr-17,64.415
18-Apr-17,64.5796
19-Apr-17,64.66
20-Apr-17,64.72
21-Apr-17,64.6511
22-Apr-17,64.6505
23-Apr-17,64.6518
24-Apr-17,64.4935
25-Apr-17,64.33
26-Apr-17,64.127
27-Apr-17,64.1161
28-Apr-17,64.2617
29-Apr-17,64.2905
30-Apr-17,64.2683
01-May-17,64.26
02-May-17,64.17
04-May-17,64.23
05-May-17,64.24
06-May-17,64.3155
07-May-17,64.3155
08-May-17,64.368
09-May-17,64.6901
10-May-17,64.5351
11-May-17,64.3929
12-May-17,64.155
13-May-17,64.2435
14-May-17,64.1755
15-May-17,64.0251
16-May-17,64.0449
17-May-17,64.1261
18-May-17,64.9542
20-May-17,64.5655
21-May-17,64.4585
22-May-17,64.5351
23-May-17,64.8937
24-May-17,64.7751
25-May-17,64.5491
26-May-17,64.5294
27-May-17,64.5232
28-May-17,64.5232
29-May-17,64.5399
30-May-17,64.58
31-May-17,64.5099
01-Jun-17,64.3951
02-Jun-17,64.26
03-Jun-17,64.415
04-Jun-17,64.415
05-Jun-17,64.34
06-Jun-17,64.43
07-Jun-17,64.4452
08-Jun-17,64.255
09-Jun-17,64.37
10-Jun-17,64.2455
11-Jun-17,64.387
12-Jun-17,64.48
13-Jun-17,64.3667
14-Jun-17,64.0673
15-Jun-17,64.6057
16-Jun-17,64.4633
17-Jun-17,64.405
18-Jun-17,64.405
19-Jun-17,64.4783
20-Jun-17,64.645
21-Jun-17,64.59
22-Jun-17,64.6099
23-Jun-17,64.4749
24-Jun-17,64.5055
25-Jun-17,64.5055
26-Jun-17,64.41
27-Jun-17,64.4751
28-Jun-17,64.5049
29-Jun-17,64.7953
30-Jun-17,64.6199
01-Jul-17,64.6168
02-Jul-17,64.6168
03-Jul-17,64.8553
04-Jul-17,64.7699
05-Jul-17,64.7993
06-Jul-17,64.725
07-Jul-17,64.595
08-Jul-17,64.6255
09-Jul-17,64.6217
10-Jul-17,64.4749
11-Jul-17,64.5354
12-Jul-17,64.41
13-Jul-17,64.4599
14-Jul-17,64.28
15-Jul-17,64.4235
16-Jul-17,64.4235
17-Jul-17,64.3401
18-Jul-17,64.3357
19-Jul-17,64.2651
20-Jul-17,64.375
21-Jul-17,64.3851
22-Jul-17,64.4711
23-Jul-17,64.4711
24-Jul-17,64.3902
25-Jul-17,64.445
26-Jul-17,64.3375
27-Jul-17,64.1251
28-Jul-17,64.1151
29-Jul-17,64.1335
30-Jul-17,64.1335
31-Jul-17,64.1801
01-Aug-17,64.0951
02-Aug-17,63.635
03-Aug-17,63.7001
04-Aug-17,63.6501
05-Aug-17,63.6755
06-Aug-17,63.6751
07-Aug-17,63.8451
08-Aug-17,63.015
09-Aug-17,63.1815
10-Aug-17,64.0575
11-Aug-17,64.055
12-Aug-17,64.091
13-Aug-17,64.091
14-Aug-17,64.075
15-Aug-17,64.2155
16-Aug-17,64.1701
17-Aug-17,64.095
18-Aug-17,64.095
19-Aug-17,64.0955
20-Aug-17,64.0859
21-Aug-17,64.175
23-Aug-17,64.045
24-Aug-17,64.045
25-Aug-17,64.0051
26-Aug-17,64.0055
27-Aug-17,64.0055
28-Aug-17,63.8
29-Aug-17,63.95
30-Aug-17,64
31-Aug-17,63.98
01-Sep-17,63.825
02-Sep-17,64.0255
03-Sep-17,64.0255
04-Sep-17,64.01
05-Sep-17,64.105
06-Sep-17,64.0601
07-Sep-17,63.975
08-Sep-17,63.945
09-Sep-17,63.7855
10-Sep-17,63.941
11-Sep-17,63.935
12-Sep-17,64.0309
13-Sep-17,64.135
14-Sep-17,64.195
15-Sep-17,64.1211
16-Sep-17,64.1105
17-Sep-17,64.1302
18-Sep-17,64.1581
19-Sep-17,64.305
20-Sep-17,64.3449
21-Sep-17,64.91
22-Sep-17,64.865
23-Sep-17,64.7955
24-Sep-17,64.901
25-Sep-17,65.275
26-Sep-17,65.4587
27-Sep-17,65.5149
28-Sep-17,65.4249
29-Sep-17,65.345
30-Sep-17,65.3105
01-Oct-17,65.3033
02-Oct-17,65.5775
03-Oct-17,65.4768
04-Oct-17,65.075
05-Oct-17,65.135
06-Oct-17,65.47
07-Oct-17,65.4242
08-Oct-17,65.4242
09-Oct-17,65.4234
10-Oct-17,65.215
11-Oct-17,65.1601
12-Oct-17,65.0451
14-Oct-17,64.7
15-Oct-17,64.683
16-Oct-17,64.7002
17-Oct-17,65.029
18-Oct-17,65.065
19-Oct-17,64.995
20-Oct-17,65.0409
21-Oct-17,65.0405
22-Oct-17,65.1141
23-Oct-17,65.0218
24-Oct-17,65.2012
25-Oct-17,64.9249
26-Oct-17,64.925
27-Oct-17,64.96
28-Oct-17,65.0405
29-Oct-17,64.8834
30-Oct-17,64.8399
31-Oct-17,64.749
01-Nov-17,64.564
02-Nov-17,64.57275
03-Nov-17,64.66005
04-Nov-17,64.5605
05-Nov-17,64.7034
06-Nov-17,64.6151
07-Nov-17,65.155
08-Nov-17,64.9385
09-Nov-17,65.095
10-Nov-17,65.36
11-Nov-17,65.1905
12-Nov-17,65.1905
13-Nov-17,65.47225
14-Nov-17,65.4218
15-Nov-17,65.345
16-Nov-17,65.24
17-Nov-17,65.0135
18-Nov-17,65.0155
19-Nov-17,64.915
20-Nov-17,65.0388
21-Nov-17,64.815
22-Nov-17,64.879
23-Nov-17,64.5951
24-Nov-17,64.56
25-Nov-17,64.555
26-Nov-17,64.555
27-Nov-17,64.4788
28-Nov-17,64.41225
29-Nov-17,64.40005
30-Nov-17,64.471
01-Dec-17,64.545
02-Dec-17,64.5205
03-Dec-17,64.519
04-Dec-17,64.3867
05-Dec-17,64.375
06-Dec-17,64.555
07-Dec-17,64.545
08-Dec-17,64.4414
09-Dec-17,64.483
11-Dec-17,64.3661
12-Dec-17,64.565
13-Dec-17,64.3763
14-Dec-17,64.24
15-Dec-17,64.0522
16-Dec-17,64.0805
17-Dec-17,64.0823
18-Dec-17,64.24
19-Dec-17,64.055
20-Dec-17,63.9798
21-Dec-17,64.0285
22-Dec-17,64.019
23-Dec-17,64.0178
24-Dec-17,64.0178
25-Dec-17,64.019
26-Dec-17,64.04
27-Dec-17,64.1521
28-Dec-17,64.0785
29-Dec-17,63.82
30-Dec-17,63.8405
31-Dec-17,63.8508
01-Jan-18,63.83805
02-Jan-18,63.455
03-Jan-18,63.4401
04-Jan-18,63.399
05-Jan-18,63.295
06-Jan-18,63.3405
07-Jan-18,63.275
08-Jan-18,63.489
09-Jan-18,63.675
10-Jan-18,63.7724
11-Jan-18,63.6605
12-Jan-18,63.6191
13-Jan-18,63.5985
14-Jan-18,63.5985
15-Jan-18,63.525
16-Jan-18,64.01735
17-Jan-18,63.865
18-Jan-18,63.88025
19-Jan-18,63.8485
20-Jan-18,63.8305
21-Jan-18,63.8305
22-Jan-18,63.965
23-Jan-18,63.7693
24-Jan-18,63.595
25-Jan-18,63.4681
26-Jan-18,63.61
27-Jan-18,63.585
28-Jan-18,63.585
29-Jan-18,63.6625
30-Jan-18,63.7801
31-Jan-18,63.5837
01-Feb-18,63.9637
02-Feb-18,64.1271
03-Feb-18,64.1425
04-Feb-18,64.1425
05-Feb-18,64.0685
06-Feb-18,64.2633
07-Feb-18,64.2258
08-Feb-18,64.48
09-Feb-18,64.365
10-Feb-18,64.2213
11-Feb-18,64.2213
12-Feb-18,64.2945
13-Feb-18,64.274
14-Feb-18,64.0959
15-Feb-18,63.9358
16-Feb-18,64.355
17-Feb-18,64.39
18-Feb-18,64.39
19-Feb-18,64.4725
20-Feb-18,64.91
21-Feb-18,64.77225
22-Feb-18,64.9867
23-Feb-18,64.875
24-Feb-18,64.7105
25-Feb-18,64.7105
26-Feb-18,64.7916
27-Feb-18,65.125
28-Feb-18,65.235
01-Mar-18,65.265
02-Mar-18,65.2419
03-Mar-18,65.1967
04-Mar-18,65.1967
05-Mar-18,65.064
06-Mar-18,64.9055
07-Mar-18,64.955
08-Mar-18,65.145
09-Mar-18,64.9991
10-Mar-18,65.005
11-Mar-18,65.005
12-Mar-18,64.9919
13-Mar-18,64.71
14-Mar-18,64.85225
15-Mar-18,64.9514
16-Mar-18,65.065
17-Mar-18,65.075
18-Mar-18,65.075
19-Mar-18,65.3104
20-Mar-18,65.28
21-Mar-18,65.2083
22-Mar-18,65.11
23-Mar-18,64.9915
24-Mar-18,64.9905
25-Mar-18,65.025
26-Mar-18,64.6977
27-Mar-18,64.835
28-Mar-18,65.135
29-Mar-18,65.08
30-Mar-18,65.0299
01-Apr-18,65.1155
02-Apr-18,65.135
03-Apr-18,65.0062
04-Apr-18,65.005
05-Apr-18,64.835
06-Apr-18,64.905
07-Apr-18,64.9145
08-Apr-18,64.9145
09-Apr-18,64.835
10-Apr-18,64.9599
11-Apr-18,65.1645
12-Apr-18,65.2922
13-Apr-18,65.2549
14-Apr-18,65.2056
15-Apr-18,65.2056
16-Apr-18,65.455
17-Apr-18,65.6712
18-Apr-18,65.735
19-Apr-18,66.165
20-Apr-18,66.215
21-Apr-18,66.2105
22-Apr-18,66.2069
23-Apr-18,66.5389
24-Apr-18,66.4002
25-Apr-18,66.955
26-Apr-18,66.875
27-Apr-18,66.615
28-Apr-18,66.62
29-Apr-18,66.62
30-Apr-18,66.465
01-May-18,66.7958
02-May-18,66.785
03-May-18,66.7185
04-May-18,66.8299
05-May-18,66.8205
06-May-18,66.8205
07-May-18,67.175
08-May-18,67.04
09-May-18,67.3733
10-May-18,67.025
11-May-18,67.3601
12-May-18,67.3922
13-May-18,67.3605
14-May-18,67.575
15-May-18,68.525
16-May-18,67.715
17-May-18,67.805
18-May-18,67.9885
19-May-18,67.9905
20-May-18,67.985
21-May-18,68.095
22-May-18,68.0203
23-May-18,68.365
24-May-18,68.305
25-May-18,67.7824
26-May-18,67.7317
27-May-18,67.7317
28-May-18,67.43
29-May-18,67.835
30-May-18,67.48
31-May-18,67.4167
01-Jun-18,66.945
02-Jun-18,66.9955
03-Jun-18,66.935
04-Jun-18,67.0433
05-Jun-18,67.1185
06-Jun-18,66.8711
07-Jun-18,67.485
08-Jun-18,67.505
09-Jun-18,67.5305
10-Jun-18,67.52
11-Jun-18,67.505
12-Jun-18,67.495
13-Jun-18,67.445
14-Jun-18,67.715
15-Jun-18,68.195
16-Jun-18,68.47
17-Jun-18,68.06
18-Jun-18,68.105
19-Jun-18,68.115
20-Jun-18,68.075
21-Jun-18,67.845
22-Jun-18,67.865
23-Jun-18,67.8649
24-Jun-18,67.8649
25-Jun-18,68.125
26-Jun-18,68.3322
27-Jun-18,68.845
28-Jun-18,68.825
29-Jun-18,68.469
30-Jun-18,68.445
01-Jul-18,68.445
02-Jul-18,68.725
03-Jul-18,68.5654
04-Jul-18,68.97
05-Jul-18,68.825
06-Jul-18,68.8047
07-Jul-18,68.765
08-Jul-18,68.765
09-Jul-18,68.665
10-Jul-18,68.655
11-Jul-18,68.765
12-Jul-18,68.305
13-Jul-18,68.4513
14-Jul-18,68.4967
15-Jul-18,68.4967
16-Jul-18,68.545
17-Jul-18,68.425
18-Jul-18,68.465
19-Jul-18,69.045
20-Jul-18,68.7527
21-Jul-18,68.7405
22-Jul-18,68.7433
23-Jul-18,68.955
24-Jul-18,68.885
25-Jul-18,68.695
26-Jul-18,68.695
27-Jul-18,68.635
28-Jul-18,68.625
29-Jul-18,68.625
30-Jul-18,68.607
31-Jul-18,68.444
01-Aug-18,68.31
02-Aug-18,68.555
03-Aug-18,68.5317
04-Aug-18,68.515
05-Aug-18,68.515
06-Aug-18,68.813
07-Aug-18,68.628
08-Aug-18,68.605
09-Aug-18,68.7613
10-Aug-18,69.115
11-Aug-18,69.095
12-Aug-18,69.095
13-Aug-18,70.135
14-Aug-18,70.045
15-Aug-18,70.375
16-Aug-18,70.05
17-Aug-18,70.005
18-Aug-18,69.795
19-Aug-18,69.795
20-Aug-18,69.81
21-Aug-18,69.805
22-Aug-18,69.825
23-Aug-18,70.175
24-Aug-18,69.853
25-Aug-18,69.775
26-Aug-18,69.775
27-Aug-18,69.9
28-Aug-18,70.095
29-Aug-18,70.5283
30-Aug-18,70.985
31-Aug-18,70.885
01-Sep-18,70.87
02-Sep-18,71.005
03-Sep-18,71.17
04-Sep-18,71.35
05-Sep-18,71.53
06-Sep-18,71.9601
07-Sep-18,72.085
08-Sep-18,72.105
09-Sep-18,72.105
10-Sep-18,72.57
11-Sep-18,72.585
12-Sep-18,71.88
13-Sep-18,71.645
14-Sep-18,71.96
15-Sep-18,72.105
16-Sep-18,72.105
17-Sep-18,72.445
18-Sep-18,72.715
19-Sep-18,71.965
20-Sep-18,71.75
21-Sep-18,72.285
22-Sep-18,72.24
23-Sep-18,72.24
24-Sep-18,72.855
25-Sep-18,72.685
26-Sep-18,72.535
27-Sep-18,72.555
28-Sep-18,72.53
29-Sep-18,72.515
30-Sep-18,72.515
01-Oct-18,73.185
02-Oct-18,73.355
03-Oct-18,73.455
04-Oct-18,73.855
05-Oct-18,74.185
06-Oct-18,73.7705
07-Oct-18,73.7705
08-Oct-18,73.975
09-Oct-18,74.095
10-Oct-18,74.225
11-Oct-18,73.81
12-Oct-18,73.66
13-Oct-18,73.686
14-Oct-18,73.686
15-Oct-18,73.74
16-Oct-18,73.265
17-Oct-18,73.385
18-Oct-18,73.685
19-Oct-18,73.422
20-Oct-18,73.475
21-Oct-18,73.475
22-Oct-18,73.665
23-Oct-18,73.38
24-Oct-18,73.28
25-Oct-18,73.23
26-Oct-18,73.145
27-Oct-18,73.125
28-Oct-18,73.135
29-Oct-18,73.445
30-Oct-18,73.58
31-Oct-18,74.06
01-Nov-18,73.105
02-Nov-18,72.91
03-Nov-18,72.915
04-Nov-18,72.915
05-Nov-18,72.9
06-Nov-18,73.005
07-Nov-18,72.425
08-Nov-18,72.6
09-Nov-18,72.675
10-Nov-18,72.48
11-Nov-18,72.48
12-Nov-18,72.925
13-Nov-18,72.335
14-Nov-18,72.195
15-Nov-18,71.925
16-Nov-18,71.877
17-Nov-18,71.785
18-Nov-18,71.785
19-Nov-18,71.455
20-Nov-18,71.43
21-Nov-18,71.095
22-Nov-18,70.67
23-Nov-18,70.53
24-Nov-18,70.6555
25-Nov-18,70.675
26-Nov-18,70.765
27-Nov-18,70.935
28-Nov-18,70.665
29-Nov-18,69.785
30-Nov-18,69.695
01-Dec-18,69.77
02-Dec-18,69.77
03-Dec-18,70.435
04-Dec-18,70.513
05-Dec-18,70.685
06-Dec-18,70.725
07-Dec-18,71.1633
08-Dec-18,71.375
09-Dec-18,71.375
10-Dec-18,72.435
11-Dec-18,72.255
12-Dec-18,71.835
13-Dec-18,71.495
14-Dec-18,71.9
15-Dec-18,71.92
16-Dec-18,71.92
17-Dec-18,71.615
18-Dec-18,70.515
19-Dec-18,70.265
20-Dec-18,70.075
21-Dec-18,70.12
22-Dec-18,70.14
23-Dec-18,70.14
24-Dec-18,69.985
25-Dec-18,70.26
26-Dec-18,70.045
27-Dec-18,70.255
28-Dec-18,69.905
29-Dec-18,69.925
30-Dec-18,69.9325
31-Dec-18,69.56
01-Jan-19,69.525
02-Jan-19,70.025
03-Jan-19,70.13
04-Jan-19,69.617
05-Jan-19,69.535
06-Jan-19,69.535
07-Jan-19,69.775
08-Jan-19,70.1499
09-Jan-19,70.48
10-Jan-19,70.425
11-Jan-19,70.3949
12-Jan-19,70.38
13-Jan-19,70.38
14-Jan-19,70.755
15-Jan-19,71.0612
16-Jan-19,70.985
17-Jan-19,71.115
18-Jan-19,71.23
19-Jan-19,71.255
20-Jan-19,71.255
21-Jan-19,71.18
22-Jan-19,71.225
23-Jan-19,71.229
24-Jan-19,71.015
25-Jan-19,70.915
26-Jan-19,70.9005
27-Jan-19,70.9005
28-Jan-19,71.0813
29-Jan-19,71.43
30-Jan-19,71.265
31-Jan-19,70.95
01-Feb-19,71.455
02-Feb-19,71.46
03-Feb-19,71.4617
04-Feb-19,71.7
05-Feb-19,71.554
06-Feb-19,71.56
07-Feb-19,71.355
08-Feb-19,71.215
09-Feb-19,71.1755
10-Feb-19,71.1755
11-Feb-19,71.175
12-Feb-19,70.575
13-Feb-19,70.855
14-Feb-19,71.155
15-Feb-19,71.365
16-Feb-19,71.335
17-Feb-19,71.33
18-Feb-19,71.38
19-Feb-19,71.305
20-Feb-19,70.99
21-Feb-19,71.185
22-Feb-19,71.025
23-Feb-19,71.0355
25-Feb-19,70.825
26-Feb-19,71.05
27-Feb-19,71.1525
28-Feb-19,70.855
01-Mar-19,70.93005
02-Mar-19,71
03-Mar-19,71
04-Mar-19,70.9351
05-Mar-19,70.585
06-Mar-19,70.098
07-Mar-19,70.131
08-Mar-19,69.97055
09-Mar-19,69.9969
10-Mar-19,70.0115
11-Mar-19,69.8481
12-Mar-19,69.6075
13-Mar-19,69.4925
14-Mar-19,69.3315
15-Mar-19,68.988
16-Mar-19,68.963
17-Mar-19,68.963
18-Mar-19,68.64755
19-Mar-19,69.04
20-Mar-19,68.803
21-Mar-19,68.8225
22-Mar-19,69.22005
23-Mar-19,69.17
24-Mar-19,69.1705
25-Mar-19,68.892
26-Mar-19,68.962
27-Mar-19,69.052
28-Mar-19,69.194
29-Mar-19,69.3275
30-Mar-19,69.44
31-Mar-19,69.44
01-Apr-19,69.20705
02-Apr-19,68.90505
03-Apr-19,68.413
04-Apr-19,68.96355
05-Apr-19,69.166
07-Apr-19,69.231
08-Apr-19,69.58005
09-Apr-19,69.277
10-Apr-19,69.1425
11-Apr-19,69.016
12-Apr-19,69.227
13-Apr-19,69.1905
14-Apr-19,69.171
15-Apr-19,69.403
16-Apr-19,69.53
17-Apr-19,69.415
18-Apr-19,69.4055
19-Apr-19,69.3675
20-Apr-19,69.39
21-Apr-19,69.39
22-Apr-19,69.6585
23-Apr-19,69.76
24-Apr-19,69.961
25-Apr-19,70.253
26-Apr-19,69.7995
27-Apr-19,69.8505
28-Apr-19,69.8505
29-Apr-19,69.833
30-Apr-19,69.558
01-May-19,69.5675
02-May-19,69.41
03-May-19,69.152
04-May-19,69.178
05-May-19,69.178
06-May-19,69.373
07-May-19,69.602
08-May-19,69.739
09-May-19,70.141
10-May-19,70.0151
11-May-19,69.9325
12-May-19,69.9325
13-May-19,70.5425
14-May-19,70.3141
15-May-19,70.256
16-May-19,70.163
17-May-19,70.3355
18-May-19,70.348
19-May-19,70.348
20-May-19,69.773
21-May-19,69.638
22-May-19,69.724
23-May-19,69.6675
24-May-19,69.3875
25-May-19,69.3805
26-May-19,69.37
27-May-19,69.4775
28-May-19,69.5995
29-May-19,69.863
30-May-19,69.7935
31-May-19,69.5835
01-Jun-19,69.5796
02-Jun-19,69.5805
03-Jun-19,69.1689
04-Jun-19,69.39
05-Jun-19,69.3895
06-Jun-19,69.225
07-Jun-19,69.3375
08-Jun-19,69.39
09-Jun-19,69.39
10-Jun-19,69.4825
11-Jun-19,69.405
12-Jun-19,69.38755
13-Jun-19,69.5175
14-Jun-19,69.83
15-Jun-19,69.8335
16-Jun-19,69.8335
17-Jun-19,69.843
18-Jun-19,69.485
19-Jun-19,69.6817
20-Jun-19,69.5505
21-Jun-19,69.5675
22-Jun-19,69.58
23-Jun-19,69.58
24-Jun-19,69.2755
25-Jun-19,69.254
26-Jun-19,69.16
27-Jun-19,69.03005
28-Jun-19,68.9259
29-Jun-19,68.9503
30-Jun-19,68.9503
01-Jul-19,68.909
02-Jul-19,68.89
03-Jul-19,68.8
04-Jul-19,68.56
05-Jul-19,68.559
06-Jul-19,68.45
07-Jul-19,68.45
08-Jul-19,68.598
09-Jul-19,68.5785
10-Jul-19,68.365
11-Jul-19,68.4425
12-Jul-19,68.563
13-Jul-19,68.5603
14-Jul-19,68.5603
15-Jul-19,68.535
16-Jul-19,68.7099
17-Jul-19,68.8457
18-Jul-19,68.8619
19-Jul-19,68.8555
20-Jul-19,68.8605
21-Jul-19,68.8605
22-Jul-19,68.915
23-Jul-19,69.0415
24-Jul-19,68.95
25-Jul-19,69.0848
26-Jul-19,69.1025
27-Jul-19,68.86
28-Jul-19,68.86
29-Jul-19,68.7475
30-Jul-19,68.8833
31-Jul-19,68.877
